<?xml version="1.0" encoding="UTF-8"?>
<!DOCTYPE configuration
        PUBLIC "-//mybatis.org//DTD Config 3.0//EN"
        "http://mybatis.org/dtd/mybatis-3-config.dtd">
<configuration>
    <!--引用外部资源-->
    <properties resource="jdbc.properties"/>

    <!--起别名-->
    <typeAliases>
        <typeAlias type="com.wanfei.pojo.Role" alias="Role"/>
    </typeAliases>

    <environments default="environment">
        <environment id="environment">
            <transactionManager type="JDBC"></transactionManager>
            <dataSource type="POOLED">
                <property name="driver" value="${driver}"/>
                <property name="url" value="${url}"/>
                <property name="username" value="${username}"/>
                <property name="password" value="${password}"/>
            </dataSource>
        </environment>
    </environments>

    <mappers>
        <mapper resource="com/wanfei/mapper/RoleMapper"/>
    </mappers>
</configuration>